{"cameraMode":{"drawMode":0,"name":"Shaded","section":"Shading Mode"},"sceneLighting":false,"audioPlay":false,"sceneViewState":{"m_AlwaysRefresh":false,"showFog":true,"showSkybox":false,"showFlares":true,"showImageEffects":true,"showParticleSystems":true,"showVisualEffectGraphs":true,"m_FxEnabled":true},"in2DMode":false,"pivot":{"x":0.33361315727233889,"y":0.47729307413101199,"z":0.04107213020324707},"rotation":{"x":-0.02462056465446949,"y":0.9405011534690857,"z":-0.33163192868232729,"w":-0.06982061266899109},"size":2.65170955657959,"orthographic":false}